participant,passage
150005,vegas
150013,vegas
150022,depression
150026,dams
150030,grizzly
150034,realty
150034,skunkowl
150036,caramel
150036,dams
150056,sun
150079,caramel
150079,depression
150079,realty
150079,mantis
150083,bees
150083,cars
150083,skunkowl
150083,broccoli
150086,dams
150086,antarctica
150086,dentist
150086,dogshow
150086,dolphins
150086,flying
150086,grizzly
150086,mantis
150088,grizzly
150088,dams
150091,caramel
150146,caramel
150146,mantis
150146,dogshow
150196,dams
150196,cars
150196,dentist
150196,broccoli
150196,depression
150208,dams
150216,bees
150222,dogshow
150222,sun
150222,mantis
150222,bats
150242,bats
150242,dentist
150245,icefishing
150245,dentist
150245,congo
150245,cars
150245,skunkowl
150245,broccoli
150245,antarctica
150245,grizzly
150245,dogshow
150245,sun
150252,bees
150252,cars
150252,congo
150274,flying
150299,vegas
